[{"country":"Afghanistan","countryInfo":{"_id":4,"iso2":"AF","iso3":"AFG","lat":33,"long":65,"flag":"https://raw.githubusercontent.com/NovelCOVID/API/master/assets/flags/af.png"}},{"country":"Albania","countryInfo":{"_id":8,"iso2":"AL","iso3":"ALB","lat":41,"long":20,"flag":"https://raw.githubusercontent.com/NovelCOVID/API/master/assets/flags/al.png"}},{"country":"Algeria","countryInfo":{"_id":12,"iso2":"DZ","iso3":"DZA","lat":28,"long":3,"flag":"https://raw.githubusercontent.com/NovelCOVID/API/master/assets/flags/dz.png"}},{"country":"Andorra","countryInfo":{"_id":20,"iso2":"AD","iso3":"AND","lat":42.5,"long":1.6,"flag":"https://raw.githubusercontent.com/NovelCOVID/API/master/assets/flags/ad.png"}},{"country":"Angola","countryInfo":{"_id":24,"iso2":"AO","iso3":"AGO","lat":-12.5,"long":18.5,"flag":"https://raw.githubusercontent.com/NovelCOVID/API/master/assets/flags/ao.png"}},{"country":"Anguilla","countryInfo":{"_id":660,"iso2":"AI","iso3":"AIA","lat":18.25,"long":-63.1667,"flag":"https://raw.githubusercontent.com/NovelCOVID/API/master/assets/flags/ai.png"}},{"country":"Antigua and Barbuda","countryInfo":{"_id":28,"iso2":"AG","iso3":"ATG","lat":17.05,"long":-61.8,"flag":"https://raw.githubusercontent.com/NovelCOVID/API/master/assets/flags/ag.png"}},{"country":"Argentina","countryInfo":{"_id":32,"iso2":"AR","iso3":"ARG","lat":-34,"long":-64,"flag":"https://raw.githubusercontent.com/NovelCOVID/API/master/assets/flags/ar.png"}},{"country":"Armenia","countryInfo":{"_id":51,"iso2":"AM","iso3":"ARM","lat":40,"long":45,"flag":"https://raw.githubusercontent.com/NovelCOVID/API/master/assets/flags/am.png"}},{"country":"Aruba","countryInfo":{"_id":533,"iso2":"AW","iso3":"ABW","lat":12.5,"long":-69.9667,"flag":"https://raw.githubusercontent.com/NovelCOVID/API/master/assets/flags/aw.png"}},{"country":"Australia","countryInfo":{"_id":36,"iso2":"AU","iso3":"AUS","lat":-27,"long":133,"flag":"https://raw.githubusercontent.com/NovelCOVID/API/master/assets/flags/au.png"}},{"country":"Austria","countryInfo":{"_id":40,"iso2":"AT","iso3":"AUT","lat":47.3333,"long":13.3333,"flag":"https://raw.githubusercontent.com/NovelCOVID/API/master/assets/flags/at.png"}},{"country":"Azerbaijan","countryInfo":{"_id":31,"iso2":"AZ","iso3":"AZE","lat":40.5,"long":47.5,"flag":"https://raw.githubusercontent.com/NovelCOVID/API/master/assets/flags/az.png"}},{"country":"Bahamas","countryInfo":{"_id":44,"iso2":"BS","iso3":"BHS","lat":24.25,"long":-76,"flag":"https://raw.githubusercontent.com/NovelCOVID/API/master/assets/flags/bs.png"}},{"country":"Bahrain","countryInfo":{"_id":48,"iso2":"BH","iso3":"BHR","lat":26,"long":50.55,"flag":"https://raw.githubusercontent.com/NovelCOVID/API/master/assets/flags/bh.png"}},{"country":"Bangladesh","countryInfo":{"_id":50,"iso2":"BD","iso3":"BGD","lat":24,"long":90,"flag":"https://raw.githubusercontent.com/NovelCOVID/API/master/assets/flags/bd.png"}},{"country":"Barbados","countryInfo":{"_id":52,"iso2":"BB","iso3":"BRB","lat":13.1667,"long":-59.5333,"flag":"https://raw.githubusercontent.com/NovelCOVID/API/master/assets/flags/bb.png"}},{"country":"Belarus","countryInfo":{"_id":112,"iso2":"BY","iso3":"BLR","lat":53,"long":28,"flag":"https://raw.githubusercontent.com/NovelCOVID/API/master/assets/flags/by.png"}},{"country":"Belgium","countryInfo":{"_id":56,"iso2":"BE","iso3":"BEL","lat":50.8333,"long":4,"flag":"https://raw.githubusercontent.com/NovelCOVID/API/master/assets/flags/be.png"}},{"country":"Belize","countryInfo":{"_id":84,"iso2":"BZ","iso3":"BLZ","lat":17.25,"long":-88.75,"flag":"https://raw.githubusercontent.com/NovelCOVID/API/master/assets/flags/bz.png"}},{"country":"Benin","countryInfo":{"_id":204,"iso2":"BJ","iso3":"BEN","lat":9.5,"long":2.25,"flag":"https://raw.githubusercontent.com/NovelCOVID/API/master/assets/flags/bj.png"}},{"country":"Bermuda","countryInfo":{"_id":60,"iso2":"BM","iso3":"BMU","lat":32.3333,"long":-64.75,"flag":"https://raw.githubusercontent.com/NovelCOVID/API/master/assets/flags/bm.png"}},{"country":"Bhutan","countryInfo":{"_id":64,"iso2":"BT","iso3":"BTN","lat":27.5,"long":90.5,"flag":"https://raw.githubusercontent.com/NovelCOVID/API/master/assets/flags/bt.png"}},{"country":"Bolivia","countryInfo":{"_id":68,"iso2":"BO","iso3":"BOL","lat":-17,"long":-65,"flag":"https://raw.githubusercontent.com/NovelCOVID/API/master/assets/flags/bo.png"}},{"country":"Bosnia","countryInfo":{"_id":70,"iso2":"BA","iso3":"BIH","lat":44,"long":18,"flag":"https://raw.githubusercontent.com/NovelCOVID/API/master/assets/flags/ba.png"}},{"country":"Botswana","countryInfo":{"_id":72,"iso2":"BW","iso3":"BWA","lat":-22,"long":24,"flag":"https://raw.githubusercontent.com/NovelCOVID/API/master/assets/flags/bw.png"}},{"country":"Brazil","countryInfo":{"_id":76,"iso2":"BR","iso3":"BRA","lat":-10,"long":-55,"flag":"https://raw.githubusercontent.com/NovelCOVID/API/master/assets/flags/br.png"}},{"country":"British Virgin Islands","countryInfo":{"_id":92,"iso2":"VG","iso3":"VGB","lat":18.5,"long":-64.5,"flag":"https://raw.githubusercontent.com/NovelCOVID/API/master/assets/flags/vg.png"}},{"country":"Brunei","countryInfo":{"_id":96,"iso2":"BN","iso3":"BRN","lat":4.5,"long":114.6667,"flag":"https://raw.githubusercontent.com/NovelCOVID/API/master/assets/flags/bn.png"}},{"country":"Bulgaria","countryInfo":{"_id":100,"iso2":"BG","iso3":"BGR","lat":43,"long":25,"flag":"https://raw.githubusercontent.com/NovelCOVID/API/master/assets/flags/bg.png"}},{"country":"Burkina Faso","countryInfo":{"_id":854,"iso2":"BF","iso3":"BFA","lat":13,"long":-2,"flag":"https://raw.githubusercontent.com/NovelCOVID/API/master/assets/flags/bf.png"}},{"country":"Burundi","countryInfo":{"_id":108,"iso2":"BI","iso3":"BDI","lat":-3.5,"long":30,"flag":"https://raw.githubusercontent.com/NovelCOVID/API/master/assets/flags/bi.png"}},{"country":"Cabo Verde","countryInfo":{"_id":132,"iso2":"CV","iso3":"CPV","lat":16,"long":-24,"flag":"https://raw.githubusercontent.com/NovelCOVID/API/master/assets/flags/cv.png"}},{"country":"Cambodia","countryInfo":{"_id":116,"iso2":"KH","iso3":"KHM","lat":13,"long":105,"flag":"https://raw.githubusercontent.com/NovelCOVID/API/master/assets/flags/kh.png"}},{"country":"Cameroon","countryInfo":{"_id":120,"iso2":"CM","iso3":"CMR","lat":6,"long":12,"flag":"https://raw.githubusercontent.com/NovelCOVID/API/master/assets/flags/cm.png"}},{"country":"Canada","countryInfo":{"_id":124,"iso2":"CA","iso3":"CAN","lat":60,"long":-95,"flag":"https://raw.githubusercontent.com/NovelCOVID/API/master/assets/flags/ca.png"}},{"country":"Caribbean Netherlands","countryInfo":{"_id":535,"iso2":"BQ","iso3":"BES","lat":12.2,"long":-68.26,"flag":"https://raw.githubusercontent.com/NovelCOVID/API/master/assets/flags/bq.png"}},{"country":"Cayman Islands","countryInfo":{"_id":136,"iso2":"KY","iso3":"CYM","lat":19.5,"long":-80.5,"flag":"https://raw.githubusercontent.com/NovelCOVID/API/master/assets/flags/ky.png"}},{"country":"Central African Republic","countryInfo":{"_id":140,"iso2":"CF","iso3":"CAF","lat":7,"long":21,"flag":"https://raw.githubusercontent.com/NovelCOVID/API/master/assets/flags/cf.png"}},{"country":"Chad","countryInfo":{"_id":148,"iso2":"TD","iso3":"TCD","lat":15,"long":19,"flag":"https://raw.githubusercontent.com/NovelCOVID/API/master/assets/flags/td.png"}},{"country":"Channel Islands","countryInfo":{"_id":832,"iso2":"JE","iso3":"JEY","lat":49.21,"long":-2.13,"flag":"https://raw.githubusercontent.com/NovelCOVID/API/master/assets/flags/je.png"}},{"country":"Chile","countryInfo":{"_id":152,"iso2":"CL","iso3":"CHL","lat":-30,"long":-71,"flag":"https://raw.githubusercontent.com/NovelCOVID/API/master/assets/flags/cl.png"}},{"country":"China","countryInfo":{"_id":156,"iso2":"CN","iso3":"CHN","lat":35,"long":105,"flag":"https://raw.githubusercontent.com/NovelCOVID/API/master/assets/flags/cn.png"}},{"country":"Colombia","countryInfo":{"_id":170,"iso2":"CO","iso3":"COL","lat":4,"long":-72,"flag":"https://raw.githubusercontent.com/NovelCOVID/API/master/assets/flags/co.png"}},{"country":"Congo","countryInfo":{"_id":178,"iso2":"CG","iso3":"COG","lat":-1,"long":15,"flag":"https://raw.githubusercontent.com/NovelCOVID/API/master/assets/flags/cg.png"}},{"country":"Costa Rica","countryInfo":{"_id":188,"iso2":"CR","iso3":"CRI","lat":10,"long":-84,"flag":"https://raw.githubusercontent.com/NovelCOVID/API/master/assets/flags/cr.png"}},{"country":"Croatia","countryInfo":{"_id":191,"iso2":"HR","iso3":"HRV","lat":45.1667,"long":15.5,"flag":"https://raw.githubusercontent.com/NovelCOVID/API/master/assets/flags/hr.png"}},{"country":"Cuba","countryInfo":{"_id":192,"iso2":"CU","iso3":"CUB","lat":21.5,"long":-80,"flag":"https://raw.githubusercontent.com/NovelCOVID/API/master/assets/flags/cu.png"}},{"country":"Curaçao","countryInfo":{"_id":531,"iso2":"CW","iso3":"CUW","lat":12.15,"long":-68.97,"flag":"https://raw.githubusercontent.com/NovelCOVID/API/master/assets/flags/cw.png"}},{"country":"Cyprus","countryInfo":{"_id":196,"iso2":"CY","iso3":"CYP","lat":35,"long":33,"flag":"https://raw.githubusercontent.com/NovelCOVID/API/master/assets/flags/cy.png"}},{"country":"Czechia","countryInfo":{"_id":203,"iso2":"CZ","iso3":"CZE","lat":49.75,"long":15.5,"flag":"https://raw.githubusercontent.com/NovelCOVID/API/master/assets/flags/cz.png"}},{"country":"Côte d'Ivoire","countryInfo":{"_id":384,"iso2":"CI","iso3":"CIV","lat":8,"long":-5,"flag":"https://raw.githubusercontent.com/NovelCOVID/API/master/assets/flags/ci.png"}},{"country":"DRC","countryInfo":{"_id":180,"iso2":"CD","iso3":"COD","lat":0,"long":25,"flag":"https://raw.githubusercontent.com/NovelCOVID/API/master/assets/flags/cd.png"}},{"country":"Denmark","countryInfo":{"_id":208,"iso2":"DK","iso3":"DNK","lat":56,"long":10,"flag":"https://raw.githubusercontent.com/NovelCOVID/API/master/assets/flags/dk.png"}},{"country":"Diamond Princess","countryInfo":{"_id":null,"iso2":null,"iso3":null,"lat":0,"long":0,"flag":"https://raw.githubusercontent.com/NovelCOVID/API/master/assets/flags/unknow.png"}},{"country":"Djibouti","countryInfo":{"_id":262,"iso2":"DJ","iso3":"DJI","lat":11.5,"long":43,"flag":"https://raw.githubusercontent.com/NovelCOVID/API/master/assets/flags/dj.png"}},{"country":"Dominica","countryInfo":{"_id":212,"iso2":"DM","iso3":"DMA","lat":15.4167,"long":-61.3333,"flag":"https://raw.githubusercontent.com/NovelCOVID/API/master/assets/flags/dm.png"}},{"country":"Dominican Republic","countryInfo":{"_id":214,"iso2":"DO","iso3":"DOM","lat":19,"long":-70.6667,"flag":"https://raw.githubusercontent.com/NovelCOVID/API/master/assets/flags/do.png"}},{"country":"Ecuador","countryInfo":{"_id":218,"iso2":"EC","iso3":"ECU","lat":-2,"long":-77.5,"flag":"https://raw.githubusercontent.com/NovelCOVID/API/master/assets/flags/ec.png"}},{"country":"Egypt","countryInfo":{"_id":818,"iso2":"EG","iso3":"EGY","lat":27,"long":30,"flag":"https://raw.githubusercontent.com/NovelCOVID/API/master/assets/flags/eg.png"}},{"country":"El Salvador","countryInfo":{"_id":222,"iso2":"SV","iso3":"SLV","lat":13.8333,"long":-88.9167,"flag":"https://raw.githubusercontent.com/NovelCOVID/API/master/assets/flags/sv.png"}},{"country":"Equatorial Guinea","countryInfo":{"_id":226,"iso2":"GQ","iso3":"GNQ","lat":2,"long":10,"flag":"https://raw.githubusercontent.com/NovelCOVID/API/master/assets/flags/gq.png"}},{"country":"Eritrea","countryInfo":{"_id":232,"iso2":"ER","iso3":"ERI","lat":15,"long":39,"flag":"https://raw.githubusercontent.com/NovelCOVID/API/master/assets/flags/er.png"}},{"country":"Estonia","countryInfo":{"_id":233,"iso2":"EE","iso3":"EST","lat":59,"long":26,"flag":"https://raw.githubusercontent.com/NovelCOVID/API/master/assets/flags/ee.png"}},{"country":"Ethiopia","countryInfo":{"_id":231,"iso2":"ET","iso3":"ETH","lat":8,"long":38,"flag":"https://raw.githubusercontent.com/NovelCOVID/API/master/assets/flags/et.png"}},{"country":"Falkland Islands (Malvinas)","countryInfo":{"_id":238,"iso2":"FK","iso3":"FLK","lat":-51.75,"long":-59,"flag":"https://raw.githubusercontent.com/NovelCOVID/API/master/assets/flags/fk.png"}},{"country":"Faroe Islands","countryInfo":{"_id":234,"iso2":"FO","iso3":"FRO","lat":62,"long":-7,"flag":"https://raw.githubusercontent.com/NovelCOVID/API/master/assets/flags/fo.png"}},{"country":"Fiji","countryInfo":{"_id":242,"iso2":"FJ","iso3":"FJI","lat":-18,"long":175,"flag":"https://raw.githubusercontent.com/NovelCOVID/API/master/assets/flags/fj.png"}},{"country":"Finland","countryInfo":{"_id":246,"iso2":"FI","iso3":"FIN","lat":64,"long":26,"flag":"https://raw.githubusercontent.com/NovelCOVID/API/master/assets/flags/fi.png"}},{"country":"France","countryInfo":{"_id":250,"iso2":"FR","iso3":"FRA","lat":46,"long":2,"flag":"https://raw.githubusercontent.com/NovelCOVID/API/master/assets/flags/fr.png"}},{"country":"French Guiana","countryInfo":{"_id":254,"iso2":"GF","iso3":"GUF","lat":4,"long":-53,"flag":"https://raw.githubusercontent.com/NovelCOVID/API/master/assets/flags/gf.png"}},{"country":"French Polynesia","countryInfo":{"_id":258,"iso2":"PF","iso3":"PYF","lat":-15,"long":-140,"flag":"https://raw.githubusercontent.com/NovelCOVID/API/master/assets/flags/pf.png"}},{"country":"Gabon","countryInfo":{"_id":266,"iso2":"GA","iso3":"GAB","lat":-1,"long":11.75,"flag":"https://raw.githubusercontent.com/NovelCOVID/API/master/assets/flags/ga.png"}},{"country":"Gambia","countryInfo":{"_id":270,"iso2":"GM","iso3":"GMB","lat":13.4667,"long":-16.5667,"flag":"https://raw.githubusercontent.com/NovelCOVID/API/master/assets/flags/gm.png"}},{"country":"Georgia","countryInfo":{"_id":268,"iso2":"GE","iso3":"GEO","lat":42,"long":43.5,"flag":"https://raw.githubusercontent.com/NovelCOVID/API/master/assets/flags/ge.png"}},{"country":"Germany","countryInfo":{"_id":276,"iso2":"DE","iso3":"DEU","lat":51,"long":9,"flag":"https://raw.githubusercontent.com/NovelCOVID/API/master/assets/flags/de.png"}},{"country":"Ghana","countryInfo":{"_id":288,"iso2":"GH","iso3":"GHA","lat":8,"long":-2,"flag":"https://raw.githubusercontent.com/NovelCOVID/API/master/assets/flags/gh.png"}},{"country":"Gibraltar","countryInfo":{"_id":292,"iso2":"GI","iso3":"GIB","lat":36.1833,"long":-5.3667,"flag":"https://raw.githubusercontent.com/NovelCOVID/API/master/assets/flags/gi.png"}},{"country":"Greece","countryInfo":{"_id":300,"iso2":"GR","iso3":"GRC","lat":39,"long":22,"flag":"https://raw.githubusercontent.com/NovelCOVID/API/master/assets/flags/gr.png"}},{"country":"Greenland","countryInfo":{"_id":304,"iso2":"GL","iso3":"GRL","lat":72,"long":-40,"flag":"https://raw.githubusercontent.com/NovelCOVID/API/master/assets/flags/gl.png"}},{"country":"Grenada","countryInfo":{"_id":308,"iso2":"GD","iso3":"GRD","lat":12.1167,"long":-61.6667,"flag":"https://raw.githubusercontent.com/NovelCOVID/API/master/assets/flags/gd.png"}},{"country":"Guadeloupe","countryInfo":{"_id":312,"iso2":"GP","iso3":"GLP","lat":16.25,"long":-61.5833,"flag":"https://raw.githubusercontent.com/NovelCOVID/API/master/assets/flags/gp.png"}},{"country":"Guatemala","countryInfo":{"_id":320,"iso2":"GT","iso3":"GTM","lat":15.5,"long":-90.25,"flag":"https://raw.githubusercontent.com/NovelCOVID/API/master/assets/flags/gt.png"}},{"country":"Guinea","countryInfo":{"_id":324,"iso2":"GN","iso3":"GIN","lat":11,"long":-10,"flag":"https://raw.githubusercontent.com/NovelCOVID/API/master/assets/flags/gn.png"}},{"country":"Guinea-Bissau","countryInfo":{"_id":624,"iso2":"GW","iso3":"GNB","lat":12,"long":-15,"flag":"https://raw.githubusercontent.com/NovelCOVID/API/master/assets/flags/gw.png"}},{"country":"Guyana","countryInfo":{"_id":328,"iso2":"GY","iso3":"GUY","lat":5,"long":-59,"flag":"https://raw.githubusercontent.com/NovelCOVID/API/master/assets/flags/gy.png"}},{"country":"Haiti","countryInfo":{"_id":332,"iso2":"HT","iso3":"HTI","lat":19,"long":-72.4167,"flag":"https://raw.githubusercontent.com/NovelCOVID/API/master/assets/flags/ht.png"}},{"country":"Holy See (Vatican City State)","countryInfo":{"_id":336,"iso2":"VA","iso3":"VAT","lat":41.9,"long":12.45,"flag":"https://raw.githubusercontent.com/NovelCOVID/API/master/assets/flags/va.png"}},{"country":"Honduras","countryInfo":{"_id":340,"iso2":"HN","iso3":"HND","lat":15,"long":-86.5,"flag":"https://raw.githubusercontent.com/NovelCOVID/API/master/assets/flags/hn.png"}},{"country":"Hong Kong","countryInfo":{"_id":344,"iso2":"HK","iso3":"HKG","lat":22.25,"long":114.1667,"flag":"https://raw.githubusercontent.com/NovelCOVID/API/master/assets/flags/hk.png"}},{"country":"Hungary","countryInfo":{"_id":348,"iso2":"HU","iso3":"HUN","lat":47,"long":20,"flag":"https://raw.githubusercontent.com/NovelCOVID/API/master/assets/flags/hu.png"}},{"country":"Iceland","countryInfo":{"_id":352,"iso2":"IS","iso3":"ISL","lat":65,"long":-18,"flag":"https://raw.githubusercontent.com/NovelCOVID/API/master/assets/flags/is.png"}},{"country":"India","countryInfo":{"_id":356,"iso2":"IN","iso3":"IND","lat":20,"long":77,"flag":"https://raw.githubusercontent.com/NovelCOVID/API/master/assets/flags/in.png"}},{"country":"Indonesia","countryInfo":{"_id":360,"iso2":"ID","iso3":"IDN","lat":-5,"long":120,"flag":"https://raw.githubusercontent.com/NovelCOVID/API/master/assets/flags/id.png"}},{"country":"Iran","countryInfo":{"_id":364,"iso2":"IR","iso3":"IRN","lat":32,"long":53,"flag":"https://raw.githubusercontent.com/NovelCOVID/API/master/assets/flags/ir.png"}},{"country":"Iraq","countryInfo":{"_id":368,"iso2":"IQ","iso3":"IRQ","lat":33,"long":44,"flag":"https://raw.githubusercontent.com/NovelCOVID/API/master/assets/flags/iq.png"}},{"country":"Ireland","countryInfo":{"_id":372,"iso2":"IE","iso3":"IRL","lat":53,"long":-8,"flag":"https://raw.githubusercontent.com/NovelCOVID/API/master/assets/flags/ie.png"}},{"country":"Isle of Man","countryInfo":{"_id":833,"iso2":"IM","iso3":"IMN","lat":54.23,"long":-4.55,"flag":"https://raw.githubusercontent.com/NovelCOVID/API/master/assets/flags/im.png"}},{"country":"Israel","countryInfo":{"_id":376,"iso2":"IL","iso3":"ISR","lat":31.5,"long":34.75,"flag":"https://raw.githubusercontent.com/NovelCOVID/API/master/assets/flags/il.png"}},{"country":"Italy","countryInfo":{"_id":380,"iso2":"IT","iso3":"ITA","lat":42.8333,"long":12.8333,"flag":"https://raw.githubusercontent.com/NovelCOVID/API/master/assets/flags/it.png"}},{"country":"Jamaica","countryInfo":{"_id":388,"iso2":"JM","iso3":"JAM","lat":18.25,"long":-77.5,"flag":"https://raw.githubusercontent.com/NovelCOVID/API/master/assets/flags/jm.png"}},{"country":"Japan","countryInfo":{"_id":392,"iso2":"JP","iso3":"JPN","lat":36,"long":138,"flag":"https://raw.githubusercontent.com/NovelCOVID/API/master/assets/flags/jp.png"}},{"country":"Jordan","countryInfo":{"_id":400,"iso2":"JO","iso3":"JOR","lat":31,"long":36,"flag":"https://raw.githubusercontent.com/NovelCOVID/API/master/assets/flags/jo.png"}},{"country":"Kazakhstan","countryInfo":{"_id":398,"iso2":"KZ","iso3":"KAZ","lat":48,"long":68,"flag":"https://raw.githubusercontent.com/NovelCOVID/API/master/assets/flags/kz.png"}},{"country":"Kenya","countryInfo":{"_id":404,"iso2":"KE","iso3":"KEN","lat":1,"long":38,"flag":"https://raw.githubusercontent.com/NovelCOVID/API/master/assets/flags/ke.png"}},{"country":"Kuwait","countryInfo":{"_id":414,"iso2":"KW","iso3":"KWT","lat":29.3375,"long":47.6581,"flag":"https://raw.githubusercontent.com/NovelCOVID/API/master/assets/flags/kw.png"}},{"country":"Kyrgyzstan","countryInfo":{"_id":417,"iso2":"KG","iso3":"KGZ","lat":41,"long":75,"flag":"https://raw.githubusercontent.com/NovelCOVID/API/master/assets/flags/kg.png"}},{"country":"Lao People's Democratic Republic","countryInfo":{"_id":418,"iso2":"LA","iso3":"LAO","lat":18,"long":105,"flag":"https://raw.githubusercontent.com/NovelCOVID/API/master/assets/flags/la.png"}},{"country":"Latvia","countryInfo":{"_id":428,"iso2":"LV","iso3":"LVA","lat":57,"long":25,"flag":"https://raw.githubusercontent.com/NovelCOVID/API/master/assets/flags/lv.png"}},{"country":"Lebanon","countryInfo":{"_id":422,"iso2":"LB","iso3":"LBN","lat":33.8333,"long":35.8333,"flag":"https://raw.githubusercontent.com/NovelCOVID/API/master/assets/flags/lb.png"}},{"country":"Liberia","countryInfo":{"_id":430,"iso2":"LR","iso3":"LBR","lat":6.5,"long":-9.5,"flag":"https://raw.githubusercontent.com/NovelCOVID/API/master/assets/flags/lr.png"}},{"country":"Libyan Arab Jamahiriya","countryInfo":{"_id":434,"iso2":"LY","iso3":"LBY","lat":25,"long":17,"flag":"https://raw.githubusercontent.com/NovelCOVID/API/master/assets/flags/ly.png"}},{"country":"Liechtenstein","countryInfo":{"_id":438,"iso2":"LI","iso3":"LIE","lat":47.1667,"long":9.5333,"flag":"https://raw.githubusercontent.com/NovelCOVID/API/master/assets/flags/li.png"}},{"country":"Lithuania","countryInfo":{"_id":440,"iso2":"LT","iso3":"LTU","lat":56,"long":24,"flag":"https://raw.githubusercontent.com/NovelCOVID/API/master/assets/flags/lt.png"}},{"country":"Luxembourg","countryInfo":{"_id":442,"iso2":"LU","iso3":"LUX","lat":49.75,"long":6.1667,"flag":"https://raw.githubusercontent.com/NovelCOVID/API/master/assets/flags/lu.png"}},{"country":"MS Zaandam","countryInfo":{"_id":null,"iso2":null,"iso3":null,"lat":0,"long":0,"flag":"https://raw.githubusercontent.com/NovelCOVID/API/master/assets/flags/unknow.png"}},{"country":"Macao","countryInfo":{"_id":446,"iso2":"MO","iso3":"MAC","lat":22.1667,"long":113.55,"flag":"https://raw.githubusercontent.com/NovelCOVID/API/master/assets/flags/mo.png"}},{"country":"Macedonia","countryInfo":{"_id":807,"iso2":"MK","iso3":"MKD","lat":41.8333,"long":22,"flag":"https://raw.githubusercontent.com/NovelCOVID/API/master/assets/flags/mk.png"}},{"country":"Madagascar","countryInfo":{"_id":450,"iso2":"MG","iso3":"MDG","lat":-20,"long":47,"flag":"https://raw.githubusercontent.com/NovelCOVID/API/master/assets/flags/mg.png"}},{"country":"Malawi","countryInfo":{"_id":454,"iso2":"MW","iso3":"MWI","lat":-13.5,"long":34,"flag":"https://raw.githubusercontent.com/NovelCOVID/API/master/assets/flags/mw.png"}},{"country":"Malaysia","countryInfo":{"_id":458,"iso2":"MY","iso3":"MYS","lat":2.5,"long":112.5,"flag":"https://raw.githubusercontent.com/NovelCOVID/API/master/assets/flags/my.png"}},{"country":"Maldives","countryInfo":{"_id":462,"iso2":"MV","iso3":"MDV","lat":3.25,"long":73,"flag":"https://raw.githubusercontent.com/NovelCOVID/API/master/assets/flags/mv.png"}},{"country":"Mali","countryInfo":{"_id":466,"iso2":"ML","iso3":"MLI","lat":17,"long":-4,"flag":"https://raw.githubusercontent.com/NovelCOVID/API/master/assets/flags/ml.png"}},{"country":"Malta","countryInfo":{"_id":470,"iso2":"MT","iso3":"MLT","lat":35.8333,"long":14.5833,"flag":"https://raw.githubusercontent.com/NovelCOVID/API/master/assets/flags/mt.png"}},{"country":"Martinique","countryInfo":{"_id":474,"iso2":"MQ","iso3":"MTQ","lat":14.6667,"long":-61,"flag":"https://raw.githubusercontent.com/NovelCOVID/API/master/assets/flags/mq.png"}},{"country":"Mauritania","countryInfo":{"_id":478,"iso2":"MR","iso3":"MRT","lat":20,"long":-12,"flag":"https://raw.githubusercontent.com/NovelCOVID/API/master/assets/flags/mr.png"}},{"country":"Mauritius","countryInfo":{"_id":480,"iso2":"MU","iso3":"MUS","lat":-20.2833,"long":57.55,"flag":"https://raw.githubusercontent.com/NovelCOVID/API/master/assets/flags/mu.png"}},{"country":"Mayotte","countryInfo":{"_id":175,"iso2":"YT","iso3":"MYT","lat":-12.8333,"long":45.1667,"flag":"https://raw.githubusercontent.com/NovelCOVID/API/master/assets/flags/yt.png"}},{"country":"Mexico","countryInfo":{"_id":484,"iso2":"MX","iso3":"MEX","lat":23,"long":-102,"flag":"https://raw.githubusercontent.com/NovelCOVID/API/master/assets/flags/mx.png"}},{"country":"Moldova","countryInfo":{"_id":498,"iso2":"MD","iso3":"MDA","lat":47,"long":29,"flag":"https://raw.githubusercontent.com/NovelCOVID/API/master/assets/flags/md.png"}},{"country":"Monaco","countryInfo":{"_id":492,"iso2":"MC","iso3":"MCO","lat":43.7333,"long":7.4,"flag":"https://raw.githubusercontent.com/NovelCOVID/API/master/assets/flags/mc.png"}},{"country":"Mongolia","countryInfo":{"_id":496,"iso2":"MN","iso3":"MNG","lat":46,"long":105,"flag":"https://raw.githubusercontent.com/NovelCOVID/API/master/assets/flags/mn.png"}},{"country":"Montenegro","countryInfo":{"_id":499,"iso2":"ME","iso3":"MNE","lat":42,"long":19,"flag":"https://raw.githubusercontent.com/NovelCOVID/API/master/assets/flags/me.png"}},{"country":"Montserrat","countryInfo":{"_id":500,"iso2":"MS","iso3":"MSR","lat":16.75,"long":-62.2,"flag":"https://raw.githubusercontent.com/NovelCOVID/API/master/assets/flags/ms.png"}},{"country":"Morocco","countryInfo":{"_id":504,"iso2":"MA","iso3":"MAR","lat":32,"long":-5,"flag":"https://raw.githubusercontent.com/NovelCOVID/API/master/assets/flags/ma.png"}},{"country":"Mozambique","countryInfo":{"_id":508,"iso2":"MZ","iso3":"MOZ","lat":-18.25,"long":35,"flag":"https://raw.githubusercontent.com/NovelCOVID/API/master/assets/flags/mz.png"}},{"country":"Myanmar","countryInfo":{"_id":104,"iso2":"MM","iso3":"MMR","lat":22,"long":98,"flag":"https://raw.githubusercontent.com/NovelCOVID/API/master/assets/flags/mm.png"}},{"country":"Namibia","countryInfo":{"_id":516,"iso2":"NA","iso3":"NAM","lat":-22,"long":17,"flag":"https://raw.githubusercontent.com/NovelCOVID/API/master/assets/flags/na.png"}},{"country":"Nepal","countryInfo":{"_id":524,"iso2":"NP","iso3":"NPL","lat":28,"long":84,"flag":"https://raw.githubusercontent.com/NovelCOVID/API/master/assets/flags/np.png"}},{"country":"Netherlands","countryInfo":{"_id":528,"iso2":"NL","iso3":"NLD","lat":52.5,"long":5.75,"flag":"https://raw.githubusercontent.com/NovelCOVID/API/master/assets/flags/nl.png"}},{"country":"New Caledonia","countryInfo":{"_id":540,"iso2":"NC","iso3":"NCL","lat":-21.5,"long":165.5,"flag":"https://raw.githubusercontent.com/NovelCOVID/API/master/assets/flags/nc.png"}},{"country":"New Zealand","countryInfo":{"_id":554,"iso2":"NZ","iso3":"NZL","lat":-41,"long":174,"flag":"https://raw.githubusercontent.com/NovelCOVID/API/master/assets/flags/nz.png"}},{"country":"Nicaragua","countryInfo":{"_id":558,"iso2":"NI","iso3":"NIC","lat":13,"long":-85,"flag":"https://raw.githubusercontent.com/NovelCOVID/API/master/assets/flags/ni.png"}},{"country":"Niger","countryInfo":{"_id":562,"iso2":"NE","iso3":"NER","lat":16,"long":8,"flag":"https://raw.githubusercontent.com/NovelCOVID/API/master/assets/flags/ne.png"}},{"country":"Nigeria","countryInfo":{"_id":566,"iso2":"NG","iso3":"NGA","lat":10,"long":8,"flag":"https://raw.githubusercontent.com/NovelCOVID/API/master/assets/flags/ng.png"}},{"country":"Norway","countryInfo":{"_id":578,"iso2":"NO","iso3":"NOR","lat":62,"long":10,"flag":"https://raw.githubusercontent.com/NovelCOVID/API/master/assets/flags/no.png"}},{"country":"Oman","countryInfo":{"_id":512,"iso2":"OM","iso3":"OMN","lat":21,"long":57,"flag":"https://raw.githubusercontent.com/NovelCOVID/API/master/assets/flags/om.png"}},{"country":"Pakistan","countryInfo":{"_id":586,"iso2":"PK","iso3":"PAK","lat":30,"long":70,"flag":"https://raw.githubusercontent.com/NovelCOVID/API/master/assets/flags/pk.png"}},{"country":"Palestine","countryInfo":{"_id":275,"iso2":"PS","iso3":"PSE","lat":32,"long":35.25,"flag":"https://raw.githubusercontent.com/NovelCOVID/API/master/assets/flags/ps.png"}},{"country":"Panama","countryInfo":{"_id":591,"iso2":"PA","iso3":"PAN","lat":9,"long":-80,"flag":"https://raw.githubusercontent.com/NovelCOVID/API/master/assets/flags/pa.png"}},{"country":"Papua New Guinea","countryInfo":{"_id":598,"iso2":"PG","iso3":"PNG","lat":-6,"long":147,"flag":"https://raw.githubusercontent.com/NovelCOVID/API/master/assets/flags/pg.png"}},{"country":"Paraguay","countryInfo":{"_id":600,"iso2":"PY","iso3":"PRY","lat":-23,"long":-58,"flag":"https://raw.githubusercontent.com/NovelCOVID/API/master/assets/flags/py.png"}},{"country":"Peru","countryInfo":{"_id":604,"iso2":"PE","iso3":"PER","lat":-10,"long":-76,"flag":"https://raw.githubusercontent.com/NovelCOVID/API/master/assets/flags/pe.png"}},{"country":"Philippines","countryInfo":{"_id":608,"iso2":"PH","iso3":"PHL","lat":13,"long":122,"flag":"https://raw.githubusercontent.com/NovelCOVID/API/master/assets/flags/ph.png"}},{"country":"Poland","countryInfo":{"_id":616,"iso2":"PL","iso3":"POL","lat":52,"long":20,"flag":"https://raw.githubusercontent.com/NovelCOVID/API/master/assets/flags/pl.png"}},{"country":"Portugal","countryInfo":{"_id":620,"iso2":"PT","iso3":"PRT","lat":39.5,"long":-8,"flag":"https://raw.githubusercontent.com/NovelCOVID/API/master/assets/flags/pt.png"}},{"country":"Qatar","countryInfo":{"_id":634,"iso2":"QA","iso3":"QAT","lat":25.5,"long":51.25,"flag":"https://raw.githubusercontent.com/NovelCOVID/API/master/assets/flags/qa.png"}},{"country":"Romania","countryInfo":{"_id":642,"iso2":"RO","iso3":"ROU","lat":46,"long":25,"flag":"https://raw.githubusercontent.com/NovelCOVID/API/master/assets/flags/ro.png"}},{"country":"Russia","countryInfo":{"_id":643,"iso2":"RU","iso3":"RUS","lat":60,"long":100,"flag":"https://raw.githubusercontent.com/NovelCOVID/API/master/assets/flags/ru.png"}},{"country":"Rwanda","countryInfo":{"_id":646,"iso2":"RW","iso3":"RWA","lat":-2,"long":30,"flag":"https://raw.githubusercontent.com/NovelCOVID/API/master/assets/flags/rw.png"}},{"country":"Réunion","countryInfo":{"_id":638,"iso2":"RE","iso3":"REU","lat":-21.1,"long":55.6,"flag":"https://raw.githubusercontent.com/NovelCOVID/API/master/assets/flags/re.png"}},{"country":"S. Korea","countryInfo":{"_id":410,"iso2":"KR","iso3":"KOR","lat":37,"long":127.5,"flag":"https://raw.githubusercontent.com/NovelCOVID/API/master/assets/flags/kr.png"}},{"country":"Saint Kitts and Nevis","countryInfo":{"_id":659,"iso2":"KN","iso3":"KNA","lat":17.3333,"long":-62.75,"flag":"https://raw.githubusercontent.com/NovelCOVID/API/master/assets/flags/kn.png"}},{"country":"Saint Lucia","countryInfo":{"_id":662,"iso2":"LC","iso3":"LCA","lat":13.8833,"long":-61.1333,"flag":"https://raw.githubusercontent.com/NovelCOVID/API/master/assets/flags/lc.png"}},{"country":"Saint Martin","countryInfo":{"_id":663,"iso2":"MF","iso3":"MAF","lat":18.11,"long":-63.03,"flag":"https://raw.githubusercontent.com/NovelCOVID/API/master/assets/flags/mf.png"}},{"country":"Saint Pierre Miquelon","countryInfo":{"_id":666,"iso2":"PM","iso3":"SPM","lat":46.8333,"long":-56.3333,"flag":"https://raw.githubusercontent.com/NovelCOVID/API/master/assets/flags/pm.png"}},{"country":"Saint Vincent and the Grenadines","countryInfo":{"_id":670,"iso2":"VC","iso3":"VCT","lat":13.25,"long":-61.2,"flag":"https://raw.githubusercontent.com/NovelCOVID/API/master/assets/flags/vc.png"}},{"country":"San Marino","countryInfo":{"_id":674,"iso2":"SM","iso3":"SMR","lat":43.7667,"long":12.4167,"flag":"https://raw.githubusercontent.com/NovelCOVID/API/master/assets/flags/sm.png"}},{"country":"Sao Tome and Principe","countryInfo":{"_id":678,"iso2":"ST","iso3":"STP","lat":1,"long":7,"flag":"https://raw.githubusercontent.com/NovelCOVID/API/master/assets/flags/st.png"}},{"country":"Saudi Arabia","countryInfo":{"_id":682,"iso2":"SA","iso3":"SAU","lat":25,"long":45,"flag":"https://raw.githubusercontent.com/NovelCOVID/API/master/assets/flags/sa.png"}},{"country":"Senegal","countryInfo":{"_id":686,"iso2":"SN","iso3":"SEN","lat":14,"long":-14,"flag":"https://raw.githubusercontent.com/NovelCOVID/API/master/assets/flags/sn.png"}},{"country":"Serbia","countryInfo":{"_id":688,"iso2":"RS","iso3":"SRB","lat":44,"long":21,"flag":"https://raw.githubusercontent.com/NovelCOVID/API/master/assets/flags/rs.png"}},{"country":"Seychelles","countryInfo":{"_id":690,"iso2":"SC","iso3":"SYC","lat":-4.5833,"long":55.6667,"flag":"https://raw.githubusercontent.com/NovelCOVID/API/master/assets/flags/sc.png"}},{"country":"Sierra Leone","countryInfo":{"_id":694,"iso2":"SL","iso3":"SLE","lat":8.5,"long":-11.5,"flag":"https://raw.githubusercontent.com/NovelCOVID/API/master/assets/flags/sl.png"}},{"country":"Singapore","countryInfo":{"_id":702,"iso2":"SG","iso3":"SGP","lat":1.3667,"long":103.8,"flag":"https://raw.githubusercontent.com/NovelCOVID/API/master/assets/flags/sg.png"}},{"country":"Sint Maarten","countryInfo":{"_id":534,"iso2":"SX","iso3":"SXM","lat":18.02,"long":-63.06,"flag":"https://raw.githubusercontent.com/NovelCOVID/API/master/assets/flags/sx.png"}},{"country":"Slovakia","countryInfo":{"_id":703,"iso2":"SK","iso3":"SVK","lat":48.6667,"long":19.5,"flag":"https://raw.githubusercontent.com/NovelCOVID/API/master/assets/flags/sk.png"}},{"country":"Slovenia","countryInfo":{"_id":705,"iso2":"SI","iso3":"SVN","lat":46,"long":15,"flag":"https://raw.githubusercontent.com/NovelCOVID/API/master/assets/flags/si.png"}},{"country":"Somalia","countryInfo":{"_id":706,"iso2":"SO","iso3":"SOM","lat":10,"long":49,"flag":"https://raw.githubusercontent.com/NovelCOVID/API/master/assets/flags/so.png"}},{"country":"South Africa","countryInfo":{"_id":710,"iso2":"ZA","iso3":"ZAF","lat":-29,"long":24,"flag":"https://raw.githubusercontent.com/NovelCOVID/API/master/assets/flags/za.png"}},{"country":"South Sudan","countryInfo":{"_id":728,"iso2":"SS","iso3":"SSD","lat":6.8769,"long":31.3069,"flag":"https://raw.githubusercontent.com/NovelCOVID/API/master/assets/flags/ss.png"}},{"country":"Spain","countryInfo":{"_id":724,"iso2":"ES","iso3":"ESP","lat":40,"long":-4,"flag":"https://raw.githubusercontent.com/NovelCOVID/API/master/assets/flags/es.png"}},{"country":"Sri Lanka","countryInfo":{"_id":144,"iso2":"LK","iso3":"LKA","lat":7,"long":81,"flag":"https://raw.githubusercontent.com/NovelCOVID/API/master/assets/flags/lk.png"}},{"country":"St. Barth","countryInfo":{"_id":652,"iso2":"BL","iso3":"BLM","lat":17.89,"long":-62.82,"flag":"https://raw.githubusercontent.com/NovelCOVID/API/master/assets/flags/bl.png"}},{"country":"Sudan","countryInfo":{"_id":736,"iso2":"SD","iso3":"SDN","lat":15,"long":30,"flag":"https://raw.githubusercontent.com/NovelCOVID/API/master/assets/flags/sd.png"}},{"country":"Suriname","countryInfo":{"_id":740,"iso2":"SR","iso3":"SUR","lat":4,"long":-56,"flag":"https://raw.githubusercontent.com/NovelCOVID/API/master/assets/flags/sr.png"}},{"country":"Swaziland","countryInfo":{"_id":748,"iso2":"SZ","iso3":"SWZ","lat":-26.5,"long":31.5,"flag":"https://raw.githubusercontent.com/NovelCOVID/API/master/assets/flags/sz.png"}},{"country":"Sweden","countryInfo":{"_id":752,"iso2":"SE","iso3":"SWE","lat":62,"long":15,"flag":"https://raw.githubusercontent.com/NovelCOVID/API/master/assets/flags/se.png"}},{"country":"Switzerland","countryInfo":{"_id":756,"iso2":"CH","iso3":"CHE","lat":47,"long":8,"flag":"https://raw.githubusercontent.com/NovelCOVID/API/master/assets/flags/ch.png"}},{"country":"Syrian Arab Republic","countryInfo":{"_id":760,"iso2":"SY","iso3":"SYR","lat":35,"long":38,"flag":"https://raw.githubusercontent.com/NovelCOVID/API/master/assets/flags/sy.png"}},{"country":"Taiwan","countryInfo":{"_id":158,"iso2":"TW","iso3":"TWN","lat":23.5,"long":121,"flag":"https://raw.githubusercontent.com/NovelCOVID/API/master/assets/flags/tw.png"}},{"country":"Tanzania","countryInfo":{"_id":834,"iso2":"TZ","iso3":"TZA","lat":-6,"long":35,"flag":"https://raw.githubusercontent.com/NovelCOVID/API/master/assets/flags/tz.png"}},{"country":"Thailand","countryInfo":{"_id":764,"iso2":"TH","iso3":"THA","lat":15,"long":100,"flag":"https://raw.githubusercontent.com/NovelCOVID/API/master/assets/flags/th.png"}},{"country":"Timor-Leste","countryInfo":{"_id":626,"iso2":"TL","iso3":"TLS","lat":-8.55,"long":125.5167,"flag":"https://raw.githubusercontent.com/NovelCOVID/API/master/assets/flags/tl.png"}},{"country":"Togo","countryInfo":{"_id":768,"iso2":"TG","iso3":"TGO","lat":8,"long":1.1667,"flag":"https://raw.githubusercontent.com/NovelCOVID/API/master/assets/flags/tg.png"}},{"country":"Trinidad and Tobago","countryInfo":{"_id":780,"iso2":"TT","iso3":"TTO","lat":11,"long":-61,"flag":"https://raw.githubusercontent.com/NovelCOVID/API/master/assets/flags/tt.png"}},{"country":"Tunisia","countryInfo":{"_id":788,"iso2":"TN","iso3":"TUN","lat":34,"long":9,"flag":"https://raw.githubusercontent.com/NovelCOVID/API/master/assets/flags/tn.png"}},{"country":"Turkey","countryInfo":{"_id":792,"iso2":"TR","iso3":"TUR","lat":39,"long":35,"flag":"https://raw.githubusercontent.com/NovelCOVID/API/master/assets/flags/tr.png"}},{"country":"Turks and Caicos Islands","countryInfo":{"_id":796,"iso2":"TC","iso3":"TCA","lat":21.75,"long":-71.5833,"flag":"https://raw.githubusercontent.com/NovelCOVID/API/master/assets/flags/tc.png"}},{"country":"UAE","countryInfo":{"_id":784,"iso2":"AE","iso3":"ARE","lat":24,"long":54,"flag":"https://raw.githubusercontent.com/NovelCOVID/API/master/assets/flags/ae.png"}},{"country":"UK","countryInfo":{"_id":826,"iso2":"GB","iso3":"GBR","lat":54,"long":-2,"flag":"https://raw.githubusercontent.com/NovelCOVID/API/master/assets/flags/gb.png"}},{"country":"USA","countryInfo":{"_id":840,"iso2":"US","iso3":"USA","lat":38,"long":-97,"flag":"https://raw.githubusercontent.com/NovelCOVID/API/master/assets/flags/us.png"}},{"country":"Uganda","countryInfo":{"_id":800,"iso2":"UG","iso3":"UGA","lat":1,"long":32,"flag":"https://raw.githubusercontent.com/NovelCOVID/API/master/assets/flags/ug.png"}},{"country":"Ukraine","countryInfo":{"_id":804,"iso2":"UA","iso3":"UKR","lat":49,"long":32,"flag":"https://raw.githubusercontent.com/NovelCOVID/API/master/assets/flags/ua.png"}},{"country":"Uruguay","countryInfo":{"_id":858,"iso2":"UY","iso3":"URY","lat":-33,"long":-56,"flag":"https://raw.githubusercontent.com/NovelCOVID/API/master/assets/flags/uy.png"}},{"country":"Uzbekistan","countryInfo":{"_id":860,"iso2":"UZ","iso3":"UZB","lat":41,"long":64,"flag":"https://raw.githubusercontent.com/NovelCOVID/API/master/assets/flags/uz.png"}},{"country":"Venezuela","countryInfo":{"_id":862,"iso2":"VE","iso3":"VEN","lat":8,"long":-66,"flag":"https://raw.githubusercontent.com/NovelCOVID/API/master/assets/flags/ve.png"}},{"country":"Vietnam","countryInfo":{"_id":704,"iso2":"VN","iso3":"VNM","lat":21,"long":105.8,"flag":"https://raw.githubusercontent.com/NovelCOVID/API/master/assets/flags/vn.png"}},{"country":"Western Sahara","countryInfo":{"_id":732,"iso2":"EH","iso3":"ESH","lat":24.5,"long":-13,"flag":"https://raw.githubusercontent.com/NovelCOVID/API/master/assets/flags/eh.png"}},{"country":"Yemen","countryInfo":{"_id":887,"iso2":"YE","iso3":"YEM","lat":15,"long":48,"flag":"https://raw.githubusercontent.com/NovelCOVID/API/master/assets/flags/ye.png"}},{"country":"Zambia","countryInfo":{"_id":894,"iso2":"ZM","iso3":"ZMB","lat":-15,"long":30,"flag":"https://raw.githubusercontent.com/NovelCOVID/API/master/assets/flags/zm.png"}},{"country":"Zimbabwe","countryInfo":{"_id":716,"iso2":"ZW","iso3":"ZWE","lat":-20,"long":30,"flag":"https://raw.githubusercontent.com/NovelCOVID/API/master/assets/flags/zw.png"}}]